AssetName;NEGOTIATION_DATE;YEAR;MONTH;DAY;YEARMONTH;Open;High;Low;Close;Adj Close;Volume;ExtractionDate
PETR4.SA;2022-01-03;2022;01;03;2022-01;28.540000915527344;29.21999931335449;28.530000686645508;29.09000015258789;13.173103332519531;52704700;2024-02-05 17:27:11.825727
PETR4.SA;2022-01-04;2022;01;04;2022-01;29.15999984741211;29.399999618530277;28.90999984741211;29.200000762939453;13.222914695739746;51739200;2024-02-05 17:27:11.825727
PETR4.SA;2022-01-05;2022;01;05;2022-01;29.190000534057617;29.270000457763672;27.940000534057617;28.06999969482422;12.711203575134276;78459800;2024-02-05 17:27:11.825727
PETR4.SA;2022-01-06;2022;01;06;2022-01;28.290000915527344;28.649999618530277;27.84000015258789;28.049999237060547;12.7021484375;61163100;2024-02-05 17:27:11.825727
PETR4.SA;2022-01-07;2022;01;07;2022-01;28.11000061035156;28.290000915527344;27.81999969482422;28.18000030517578;12.76101779937744;47507600;2024-02-05 17:27:11.825727
PETR4.SA;2022-01-10;2022;01;10;2022-01;27.989999771118164;28.239999771118164;27.71999931335449;28.01000022888184;12.684035301208496;37455200;2024-02-05 17:27:11.825727
PETR4.SA;2022-01-11;2022;01;11;2022-01;28.100000381469727;29.06999969482422;27.850000381469727;28.84000015258789;13.059891700744627;73623800;2024-02-05 17:27:11.825727
PETR4.SA;2022-01-12;2022;01;12;2022-01;28.950000762939453;29.90999984741211;28.950000762939453;29.71999931335449;13.45839023590088;81378200;2024-02-05 17:27:11.825727
PETR4.SA;2022-01-13;2022;01;13;2022-01;29.530000686645508;30.6299991607666;29.5;30.31999969482422;13.730095863342283;76717500;2024-02-05 17:27:11.825727
PETR4.SA;2022-01-14;2022;01;14;2022-01;30.280000686645508;31.600000381469727;30.239999771118164;31.450000762939453;14.241802215576172;96458800;2024-02-05 17:27:11.825727
PETR4.SA;2022-01-17;2022;01;17;2022-01;31.399999618530277;31.809999465942383;31.25;31.5;14.264444351196287;35675900;2024-02-05 17:27:11.825727
PETR4.SA;2022-01-18;2022;01;18;2022-01;31.559999465942383;31.979999542236328;30.96999931335449;31.63999938964844;14.32784366607666;78198800;2024-02-05 17:27:11.825727
PETR4.SA;2022-01-19;2022;01;19;2022-01;31.899999618530277;32.209999084472656;31.440000534057617;31.489999771118164;14.259915351867676;77480200;2024-02-05 17:27:11.825727
PETR4.SA;2022-01-20;2022;01;20;2022-01;31.5;32.0;31.11000061035156;31.71999931335449;14.364069938659668;85353100;2024-02-05 17:27:11.825727
PETR4.SA;2022-01-21;2022;01;21;2022-01;31.56999969482422;31.8799991607666;31.530000686645508;31.770000457763672;14.386713981628418;61345400;2024-02-05 17:27:11.825727
PETR4.SA;2022-01-24;2022;01;24;2022-01;31.690000534057617;32.25;31.040000915527344;31.950000762939453;14.468221664428713;79117100;2024-02-05 17:27:11.825727
PETR4.SA;2022-01-25;2022;01;25;2022-01;31.700000762939453;33.22999954223633;31.57999992370605;32.9900016784668;14.939176559448242;98358500;2024-02-05 17:27:11.825727
PETR4.SA;2022-01-26;2022;01;26;2022-01;33.29999923706055;34.27000045776367;33.29999923706055;33.869998931884766;15.337675094604492;98679900;2024-02-05 17:27:11.825727
PETR4.SA;2022-01-27;2022;01;27;2022-01;34.25;34.63999938964844;33.16999816894531;33.880001068115234;15.342204093933104;90631000;2024-02-05 17:27:11.825727
PETR4.SA;2022-01-28;2022;01;28;2022-01;33.79999923706055;34.349998474121094;32.220001220703125;32.540000915527344;14.735400199890137;117400500;2024-02-05 17:27:11.825727
PETR4.SA;2022-01-31;2022;01;31;2022-01;32.5;33.0;32.06999969482422;32.349998474121094;14.649357795715332;62450300;2024-02-05 17:27:11.825727
PETR4.SA;2022-02-01;2022;02;01;2022-02;32.349998474121094;33.31999969482422;31.950000762939453;33.0;14.943705558776855;57315200;2024-02-05 17:27:11.825727
PETR4.SA;2022-02-02;2022;02;02;2022-02;33.40999984741211;33.4900016784668;32.36000061035156;32.52000045776367;14.726343154907228;36271700;2024-02-05 17:27:11.825727
PETR4.SA;2022-02-03;2022;02;03;2022-02;32.349998474121094;32.91999816894531;31.6200008392334;32.06999969482422;14.522564888000488;51087800;2024-02-05 17:27:11.825727
PETR4.SA;2022-02-04;2022;02;04;2022-02;32.40999984741211;33.22999954223633;31.8799991607666;32.630001068115234;14.77615451812744;59346800;2024-02-05 17:27:11.825727
PETR4.SA;2022-02-07;2022;02;07;2022-02;32.54999923706055;32.779998779296875;32.130001068115234;32.150001525878906;14.558791160583496;48868100;2024-02-05 17:27:11.825727
PETR4.SA;2022-02-08;2022;02;08;2022-02;31.899999618530277;31.950000762939453;31.26000022888184;31.82999992370605;14.413881301879885;62590000;2024-02-05 17:27:11.825727
PETR4.SA;2022-02-09;2022;02;09;2022-02;31.739999771118164;32.689998626708984;31.649999618530277;31.950000762939453;14.468221664428713;50960500;2024-02-05 17:27:11.825727
PETR4.SA;2022-02-10;2022;02;10;2022-02;32.29999923706055;32.900001525878906;31.940000534057617;32.439998626708984;14.69011402130127;49534600;2024-02-05 17:27:11.825727
PETR4.SA;2022-02-11;2022;02;11;2022-02;32.77000045776367;33.90999984741211;32.630001068115234;33.7599983215332;15.287861824035645;88013400;2024-02-05 17:27:11.825727
PETR4.SA;2022-02-14;2022;02;14;2022-02;33.86000061035156;33.939998626708984;32.81999969482422;33.0;14.943705558776855;55687000;2024-02-05 17:27:11.825727
PETR4.SA;2022-02-15;2022;02;15;2022-02;32.65999984741211;32.68000030517578;31.88999938964844;32.47999954223633;14.70822811126709;65689000;2024-02-05 17:27:11.825727
PETR4.SA;2022-02-16;2022;02;16;2022-02;32.83000183105469;33.70000076293945;32.77000045776367;32.93000030517578;14.912005424499512;65811600;2024-02-05 17:27:11.825727
PETR4.SA;2022-02-17;2022;02;17;2022-02;32.849998474121094;33.290000915527344;32.54999923706055;32.79999923706055;14.85313606262207;43255200;2024-02-05 17:27:11.825727
PETR4.SA;2022-02-18;2022;02;18;2022-02;32.56999969482422;33.09000015258789;32.27000045776367;33.0;14.943705558776855;60304700;2024-02-05 17:27:11.825727
PETR4.SA;2022-02-21;2022;02;21;2022-02;33.04999923706055;34.0;33.0;33.849998474121094;15.328619956970217;51263800;2024-02-05 17:27:11.825727
PETR4.SA;2022-02-22;2022;02;22;2022-02;34.220001220703125;34.68000030517578;33.209999084472656;33.7400016784668;15.27880573272705;80206700;2024-02-05 17:27:11.825727
PETR4.SA;2022-02-23;2022;02;23;2022-02;34.18000030517578;34.599998474121094;33.79999923706055;34.220001220703125;15.496170997619627;86530100;2024-02-05 17:27:11.825727
PETR4.SA;2022-02-24;2022;02;24;2022-02;34.79999923706055;35.290000915527344;32.68000030517578;33.38999938964844;15.120311737060549;139674100;2024-02-05 17:27:11.825727
PETR4.SA;2022-02-25;2022;02;25;2022-02;33.45000076293945;34.0;32.900001525878906;34.0;15.39654541015625;86189100;2024-02-05 17:27:11.825727
PETR4.SA;2022-03-02;2022;03;02;2022-03;35.2599983215332;35.290000915527344;34.38999938964844;34.66999816894531;15.699946403503418;58071800;2024-02-05 17:27:11.825727
PETR4.SA;2022-03-03;2022;03;03;2022-03;34.81999969482422;34.93000030517578;34.15999984741211;34.2400016784668;15.50522804260254;69237400;2024-02-05 17:27:11.825727
PETR4.SA;2022-03-04;2022;03;04;2022-03;34.08000183105469;34.68000030517578;33.81999969482422;34.22999954223633;15.500697135925291;55418000;2024-02-05 17:27:11.825727
PETR4.SA;2022-03-07;2022;03;07;2022-03;34.5;34.599998474121094;31.6299991607666;31.799999237060547;14.400297164916992;110954100;2024-02-05 17:27:11.825727
PETR4.SA;2022-03-08;2022;03;08;2022-03;32.0;32.970001220703125;31.51000022888184;32.459999084472656;14.69917106628418;111633500;2024-02-05 17:27:11.825727
PETR4.SA;2022-03-09;2022;03;09;2022-03;32.599998474121094;32.81999969482422;31.739999771118164;32.560001373291016;14.744455337524414;87779300;2024-02-05 17:27:11.825727
PETR4.SA;2022-03-10;2022;03;10;2022-03;32.599998474121094;34.599998474121094;32.52000045776367;33.70000076293945;15.260692596435549;136437700;2024-02-05 17:27:11.825727
PETR4.SA;2022-03-11;2022;03;11;2022-03;33.90999984741211;34.380001068115234;32.06999969482422;32.4900016784668;14.71275806427002;92153700;2024-02-05 17:27:11.825727
PETR4.SA;2022-03-14;2022;03;14;2022-03;32.43000030517578;32.88999938964844;31.520000457763672;31.8700008392334;14.43199634552002;52274100;2024-02-05 17:27:11.825727
PETR4.SA;2022-03-15;2022;03;15;2022-03;31.13999938964844;31.540000915527344;30.46999931335449;31.100000381469727;14.0833101272583;66272000;2024-02-05 17:27:11.825727
PETR4.SA;2022-03-16;2022;03;16;2022-03;31.5;31.540000915527344;30.3700008392334;30.82999992370605;13.96104335784912;72034900;2024-02-05 17:27:11.825727
PETR4.SA;2022-03-17;2022;03;17;2022-03;31.25;31.399999618530277;29.5;30.01000022888184;13.589714050292969;178319300;2024-02-05 17:27:11.825727
PETR4.SA;2022-03-18;2022;03;18;2022-03;30.09000015258789;30.81999969482422;29.86000061035156;30.61000061035156;13.861417770385742;93097100;2024-02-05 17:27:11.825727
PETR4.SA;2022-03-21;2022;03;21;2022-03;30.90999984741211;32.09000015258789;30.63999938964844;31.76000022888184;14.382182121276855;67700800;2024-02-05 17:27:11.825727
PETR4.SA;2022-03-22;2022;03;22;2022-03;31.989999771118164;32.099998474121094;31.350000381469727;31.6200008392334;14.31878662109375;56128600;2024-02-05 17:27:11.825727
PETR4.SA;2022-03-23;2022;03;23;2022-03;31.93000030517578;32.470001220703125;31.690000534057617;32.04999923706055;14.513507843017578;52956100;2024-02-05 17:27:11.825727
PETR4.SA;2022-03-24;2022;03;24;2022-03;32.04999923706055;32.599998474121094;31.670000076293945;32.41999816894531;14.681055068969728;49402800;2024-02-05 17:27:11.825727
PETR4.SA;2022-03-25;2022;03;25;2022-03;32.150001525878906;32.54999923706055;31.920000076293945;32.29999923706055;14.626716613769531;51780100;2024-02-05 17:27:11.825727
PETR4.SA;2022-03-28;2022;03;28;2022-03;32.060001373291016;32.08000183105469;30.979999542236328;31.600000381469727;14.30972957611084;68610500;2024-02-05 17:27:11.825727
PETR4.SA;2022-03-29;2022;03;29;2022-03;32.130001068115234;32.7599983215332;31.920000076293945;32.29999923706055;14.626716613769531;93809000;2024-02-05 17:27:11.825727
PETR4.SA;2022-03-30;2022;03;30;2022-03;32.5;32.9900016784668;32.380001068115234;32.9900016784668;14.939176559448242;69648400;2024-02-05 17:27:11.825727
PETR4.SA;2022-03-31;2022;03;31;2022-03;32.56999969482422;33.56999969482422;32.5;33.45000076293945;15.147482872009276;94269500;2024-02-05 17:27:11.825727
PETR4.SA;2022-04-01;2022;04;01;2022-04;33.54999923706055;33.790000915527344;32.90999984741211;33.0099983215332;14.948232650756836;72545400;2024-02-05 17:27:11.825727
PETR4.SA;2022-04-04;2022;04;04;2022-04;32.900001525878906;32.900001525878906;32.25;32.70000076293945;14.807853698730469;56053000;2024-02-05 17:27:11.825727
PETR4.SA;2022-04-05;2022;04;05;2022-04;32.65999984741211;33.060001373291016;32.38999938964844;32.38999938964844;14.667472839355469;45847200;2024-02-05 17:27:11.825727
PETR4.SA;2022-04-06;2022;04;06;2022-04;32.599998474121094;32.779998779296875;32.040000915527344;32.36000061035156;14.653887748718262;56947100;2024-02-05 17:27:11.825727
PETR4.SA;2022-04-07;2022;04;07;2022-04;32.63999938964844;34.060001373291016;32.5;34.040000915527344;15.414658546447754;118469400;2024-02-05 17:27:11.825727
PETR4.SA;2022-04-08;2022;04;08;2022-04;34.06999969482422;34.40999984741211;33.849998474121094;34.209999084472656;15.491640090942385;60772700;2024-02-05 17:27:11.825727
PETR4.SA;2022-04-11;2022;04;11;2022-04;33.900001525878906;34.099998474121094;33.779998779296875;33.95000076293945;15.3739013671875;48125400;2024-02-05 17:27:11.825727
PETR4.SA;2022-04-12;2022;04;12;2022-04;34.400001525878906;34.68000030517578;33.79999923706055;33.849998474121094;15.328619956970217;68522800;2024-02-05 17:27:11.825727
PETR4.SA;2022-04-13;2022;04;13;2022-04;34.369998931884766;34.79999923706055;34.099998474121094;34.56999969482422;15.6546630859375;101438800;2024-02-05 17:27:11.825727
PETR4.SA;2022-04-14;2022;04;14;2022-04;31.600000381469727;32.06999969482422;31.15999984741211;31.270000457763672;15.49130153656006;119382100;2024-02-05 17:27:11.825727
PETR4.SA;2022-04-18;2022;04;18;2022-04;31.15999984741211;31.38999938964844;30.46999931335449;30.71999931335449;15.218831062316896;76350600;2024-02-05 17:27:11.825727
PETR4.SA;2022-04-19;2022;04;19;2022-04;31.15999984741211;32.0;31.1200008392334;31.649999618530277;15.67955493927002;88494100;2024-02-05 17:27:11.825727
PETR4.SA;2022-04-20;2022;04;20;2022-04;31.649999618530277;31.950000762939453;31.32999992370605;31.799999237060547;15.753867149353027;34694700;2024-02-05 17:27:11.825727
PETR4.SA;2022-04-22;2022;04;22;2022-04;31.049999237060547;31.299999237060547;30.31999969482422;30.559999465942383;15.139564514160156;74560900;2024-02-05 17:27:11.825727
PETR4.SA;2022-04-25;2022;04;25;2022-04;29.96999931335449;30.440000534057617;29.540000915527344;30.11000061035156;14.916633605957031;66413900;2024-02-05 17:27:11.825727
PETR4.SA;2022-04-26;2022;04;26;2022-04;30.11000061035156;30.57999992370605;29.88999938964844;30.059999465942383;14.89186191558838;48764100;2024-02-05 17:27:11.825727
PETR4.SA;2022-04-27;2022;04;27;2022-04;30.3700008392334;30.559999465942383;29.950000762939453;30.059999465942383;14.89186191558838;41881300;2024-02-05 17:27:11.825727
PETR4.SA;2022-04-28;2022;04;28;2022-04;30.450000762939453;30.6200008392334;30.25;30.26000022888184;14.99094295501709;43298500;2024-02-05 17:27:11.825727
PETR4.SA;2022-04-29;2022;04;29;2022-04;30.75;31.59000015258789;30.280000686645508;30.280000686645508;15.0008544921875;76243900;2024-02-05 17:27:11.825727
PETR4.SA;2022-05-02;2022;05;02;2022-05;30.170000076293945;30.32999992370605;29.32999992370605;29.979999542236328;14.852230072021484;72456200;2024-02-05 17:27:11.825727
PETR4.SA;2022-05-03;2022;05;03;2022-05;30.1200008392334;30.38999938964844;29.81999969482422;30.25;14.98598861694336;52531000;2024-02-05 17:27:11.825727
PETR4.SA;2022-05-04;2022;05;04;2022-05;30.600000381469727;32.16999816894531;30.399999618530277;32.06999969482422;15.88762664794922;109417000;2024-02-05 17:27:11.825727
PETR4.SA;2022-05-05;2022;05;05;2022-05;31.809999465942383;32.5;31.020000457763672;32.0099983215332;15.857901573181152;99439900;2024-02-05 17:27:11.825727
PETR4.SA;2022-05-06;2022;05;06;2022-05;32.689998626708984;33.119998931884766;31.899999618530277;33.060001373291016;16.37807846069336;129570200;2024-02-05 17:27:11.825727
PETR4.SA;2022-05-09;2022;05;09;2022-05;32.70000076293945;33.040000915527344;32.060001373291016;32.15999984741211;15.932212829589844;92314500;2024-02-05 17:27:11.825727
PETR4.SA;2022-05-10;2022;05;10;2022-05;32.36000061035156;32.849998474121094;32.20000076293945;32.439998626708984;16.070924758911133;60330600;2024-02-05 17:27:11.825727
PETR4.SA;2022-05-11;2022;05;11;2022-05;32.779998779296875;33.90999984741211;32.689998626708984;33.56999969482422;16.630733489990234;108895400;2024-02-05 17:27:11.825727
PETR4.SA;2022-05-12;2022;05;12;2022-05;33.2599983215332;34.08000183105469;33.2599983215332;33.83000183105469;16.759538650512695;114415900;2024-02-05 17:27:11.825727
PETR4.SA;2022-05-13;2022;05;13;2022-05;34.099998474121094;34.439998626708984;33.900001525878906;34.27000045776367;16.977516174316406;67000100;2024-02-05 17:27:11.825727
PETR4.SA;2022-05-16;2022;05;16;2022-05;34.25;34.880001068115234;34.0099983215332;34.61000061035156;17.14595603942871;92075300;2024-02-05 17:27:11.825727
PETR4.SA;2022-05-17;2022;05;17;2022-05;35.0;35.13999938964844;34.13999938964844;34.15999984741211;16.923023223876953;90914700;2024-02-05 17:27:11.825727
PETR4.SA;2022-05-18;2022;05;18;2022-05;34.18000030517578;34.560001373291016;33.43000030517578;33.599998474121094;16.645593643188477;80986200;2024-02-05 17:27:11.825727
PETR4.SA;2022-05-19;2022;05;19;2022-05;33.52000045776367;34.290000915527344;33.33000183105469;34.16999816894531;16.927974700927734;63983100;2024-02-05 17:27:11.825727
PETR4.SA;2022-05-20;2022;05;20;2022-05;34.59000015258789;34.83000183105469;34.25;34.83000183105469;17.25494384765625;79589900;2024-02-05 17:27:11.825727
PETR4.SA;2022-05-23;2022;05;23;2022-05;35.18000030517578;36.310001373291016;35.150001525878906;36.20000076293945;17.93364715576172;93807400;2024-02-05 17:27:11.825727
PETR4.SA;2022-05-24;2022;05;24;2022-05;31.200000762939453;32.09000015258789;30.709999084472656;31.600000381469727;17.44533920288086;154453100;2024-02-05 17:27:11.825727
PETR4.SA;2022-05-25;2022;05;25;2022-05;31.700000762939453;32.279998779296875;31.26000022888184;32.04999923706055;17.693767547607422;69991900;2024-02-05 17:27:11.825727
PETR4.SA;2022-05-26;2022;05;26;2022-05;32.02000045776367;32.560001373291016;31.950000762939453;32.130001068115234;17.73793601989746;78303600;2024-02-05 17:27:11.825727
PETR4.SA;2022-05-27;2022;05;27;2022-05;32.150001525878906;32.150001525878906;30.56999969482422;30.600000381469727;16.89327049255371;118295600;2024-02-05 17:27:11.825727
PETR4.SA;2022-05-30;2022;05;30;2022-05;30.84000015258789;30.8700008392334;29.1200008392334;29.989999771118164;16.556509017944336;98110100;2024-02-05 17:27:11.825727
PETR4.SA;2022-05-31;2022;05;31;2022-05;30.40999984741211;30.6200008392334;29.809999465942383;30.059999465942383;16.595151901245117;83598000;2024-02-05 17:27:11.825727
PETR4.SA;2022-06-01;2022;06;01;2022-06;29.899999618530277;30.32999992370605;29.850000381469727;30.020000457763672;16.57307243347168;46353200;2024-02-05 17:27:11.825727
PETR4.SA;2022-06-02;2022;06;02;2022-06;29.96999931335449;30.049999237060547;29.549999237060547;29.76000022888184;16.429534912109375;50738300;2024-02-05 17:27:11.825727
PETR4.SA;2022-06-03;2022;06;03;2022-06;29.709999084472656;30.440000534057617;29.530000686645508;30.280000686645508;16.716611862182617;60396900;2024-02-05 17:27:11.825727
PETR4.SA;2022-06-06;2022;06;06;2022-06;30.5;30.530000686645508;29.90999984741211;30.299999237060547;16.727649688720703;39213900;2024-02-05 17:27:11.825727
PETR4.SA;2022-06-07;2022;06;07;2022-06;30.190000534057617;31.299999237060547;30.15999984741211;30.65999984741211;16.926395416259766;80333700;2024-02-05 17:27:11.825727
PETR4.SA;2022-06-08;2022;06;08;2022-06;30.420000076293945;31.149999618530277;30.32999992370605;30.51000022888184;16.843584060668945;65923900;2024-02-05 17:27:11.825727
PETR4.SA;2022-06-09;2022;06;09;2022-06;30.51000022888184;30.65999984741211;29.979999542236328;30.06999969482422;16.60067367553711;53879000;2024-02-05 17:27:11.825727
PETR4.SA;2022-06-10;2022;06;10;2022-06;30.01000022888184;30.01000022888184;29.059999465942383;29.649999618530277;16.368806838989258;63101700;2024-02-05 17:27:11.825727
PETR4.SA;2022-06-13;2022;06;13;2022-06;29.020000457763672;29.57999992370605;28.670000076293945;29.270000457763672;16.159019470214844;64507100;2024-02-05 17:27:11.825727
PETR4.SA;2022-06-14;2022;06;14;2022-06;29.65999984741211;30.25;29.239999771118164;29.600000381469727;16.34119987487793;68816900;2024-02-05 17:27:11.825727
PETR4.SA;2022-06-15;2022;06;15;2022-06;30.0;30.020000457763672;28.84000015258789;29.07999992370605;16.054126739501953;72785700;2024-02-05 17:27:11.825727
PETR4.SA;2022-06-17;2022;06;17;2022-06;28.170000076293945;28.450000762939453;26.1299991607666;27.309999465942383;15.076967239379885;184606500;2024-02-05 17:27:11.825727
PETR4.SA;2022-06-20;2022;06;20;2022-06;26.020000457763672;28.25;25.90999984741211;27.6200008392334;15.248108863830566;92581800;2024-02-05 17:27:11.825727
PETR4.SA;2022-06-21;2022;06;21;2022-06;27.799999237060547;28.15999984741211;26.690000534057617;27.06999969482422;14.94447135925293;85179500;2024-02-05 17:27:11.825727
PETR4.SA;2022-06-22;2022;06;22;2022-06;26.57999992370605;27.549999237060547;26.38999938964844;26.989999771118164;14.900306701660156;57874700;2024-02-05 17:27:11.825727
PETR4.SA;2022-06-23;2022;06;23;2022-06;26.979999542236328;27.3799991607666;26.1200008392334;26.489999771118164;14.62427043914795;69262300;2024-02-05 17:27:11.825727
PETR4.SA;2022-06-24;2022;06;24;2022-06;26.76000022888184;27.09000015258789;26.18000030517578;26.290000915527344;14.513856887817385;53413400;2024-02-05 17:27:11.825727
PETR4.SA;2022-06-27;2022;06;27;2022-06;26.81999969482422;28.06999969482422;26.65999984741211;27.979999542236328;15.446853637695312;90417700;2024-02-05 17:27:11.825727
PETR4.SA;2022-06-28;2022;06;28;2022-06;28.57999992370605;28.82999992370605;28.020000457763672;28.32999992370605;15.640076637268066;51388000;2024-02-05 17:27:11.825727
PETR4.SA;2022-06-29;2022;06;29;2022-06;28.479999542236328;28.81999969482422;27.84000015258789;28.07999992370605;15.50206184387207;52048800;2024-02-05 17:27:11.825727
PETR4.SA;2022-06-30;2022;06;30;2022-06;27.649999618530277;28.059999465942383;27.399999618530277;27.93000030517578;15.419248580932615;49910100;2024-02-05 17:27:11.825727
PETR4.SA;2022-07-01;2022;07;01;2022-07;28.07999992370605;28.850000381469727;27.520000457763672;28.530000686645508;15.750489234924316;64948200;2024-02-05 17:27:11.825727
PETR4.SA;2022-07-04;2022;07;04;2022-07;28.540000915527344;29.280000686645508;28.540000915527344;29.13999938964844;16.087251663208008;37324200;2024-02-05 17:27:11.825727
PETR4.SA;2022-07-05;2022;07;05;2022-07;28.899999618530277;28.950000762939453;27.549999237060547;28.030000686645508;15.474456787109377;78428500;2024-02-05 17:27:11.825727
PETR4.SA;2022-07-06;2022;07;06;2022-07;28.15999984741211;28.479999542236328;26.90999984741211;27.670000076293945;15.275711059570312;57617200;2024-02-05 17:27:11.825727
PETR4.SA;2022-07-07;2022;07;07;2022-07;28.0;28.920000076293945;28.0;28.479999542236328;15.722886085510254;52147300;2024-02-05 17:27:11.825727
PETR4.SA;2022-07-08;2022;07;08;2022-07;28.530000686645508;28.96999931335449;28.3700008392334;28.799999237060547;15.899547576904297;43097800;2024-02-05 17:27:11.825727
PETR4.SA;2022-07-11;2022;07;11;2022-07;28.31999969482422;28.790000915527344;28.25;28.65999984741211;15.822257995605469;39577600;2024-02-05 17:27:11.825727
PETR4.SA;2022-07-12;2022;07;12;2022-07;28.299999237060547;28.43000030517578;27.96999931335449;28.229999542236328;15.584869384765623;46462000;2024-02-05 17:27:11.825727
PETR4.SA;2022-07-13;2022;07;13;2022-07;28.1299991607666;28.479999542236328;27.979999542236328;28.25;15.595911979675291;35497200;2024-02-05 17:27:11.825727
PETR4.SA;2022-07-14;2022;07;14;2022-07;28.0;28.0;27.239999771118164;27.489999771118164;15.176339149475098;47151000;2024-02-05 17:27:11.825727
PETR4.SA;2022-07-15;2022;07;15;2022-07;27.700000762939453;28.049999237060547;27.489999771118164;27.959999084472656;15.435811042785645;38610800;2024-02-05 17:27:11.825727
PETR4.SA;2022-07-18;2022;07;18;2022-07;28.38999938964844;28.690000534057617;28.299999237060547;28.600000381469727;15.789134979248049;46782300;2024-02-05 17:27:11.825727
PETR4.SA;2022-07-19;2022;07;19;2022-07;28.549999237060547;29.239999771118164;28.399999618530277;29.18000030517578;16.10933494567871;48562300;2024-02-05 17:27:11.825727
PETR4.SA;2022-07-20;2022;07;20;2022-07;29.06999969482422;29.21999931335449;28.82999992370605;29.170000076293945;16.103811264038086;43520800;2024-02-05 17:27:11.825727
PETR4.SA;2022-07-21;2022;07;21;2022-07;28.979999542236328;29.1299991607666;28.200000762939453;29.020000457763672;16.02100372314453;58843200;2024-02-05 17:27:11.825727
PETR4.SA;2022-07-22;2022;07;22;2022-07;29.040000915527344;29.46999931335449;28.850000381469727;29.32999992370605;16.192142486572266;55676200;2024-02-05 17:27:11.825727
PETR4.SA;2022-07-25;2022;07;25;2022-07;29.61000061035156;30.75;29.61000061035156;30.700000762939453;16.948476791381836;79106600;2024-02-05 17:27:11.825727
PETR4.SA;2022-07-26;2022;07;26;2022-07;31.200000762939453;31.6200008392334;30.59000015258789;31.01000022888184;17.119619369506836;78360100;2024-02-05 17:27:11.825727
PETR4.SA;2022-07-27;2022;07;27;2022-07;31.299999237060547;31.46999931335449;30.6200008392334;31.350000381469727;17.307321548461914;56097200;2024-02-05 17:27:11.825727
PETR4.SA;2022-07-28;2022;07;28;2022-07;31.59000015258789;32.630001068115234;31.43000030517578;32.290000915527344;17.826265335083008;114996500;2024-02-05 17:27:11.825727
PETR4.SA;2022-07-29;2022;07;29;2022-07;33.599998474121094;34.65999984741211;32.83000183105469;34.150001525878906;18.853111267089844;181480600;2024-02-05 17:27:11.825727
PETR4.SA;2022-08-01;2022;08;01;2022-08;34.0;34.150001525878906;33.220001220703125;33.68000030517578;18.593637466430664;81365100;2024-02-05 17:27:11.825727
PETR4.SA;2022-08-02;2022;08;02;2022-08;33.77000045776367;34.5;33.47999954223633;33.83000183105469;18.676448822021484;69147100;2024-02-05 17:27:11.825727
PETR4.SA;2022-08-03;2022;08;03;2022-08;34.0099983215332;34.15999984741211;33.560001373291016;33.849998474121094;18.68749046325684;65544500;2024-02-05 17:27:11.825727
PETR4.SA;2022-08-04;2022;08;04;2022-08;34.08000183105469;34.400001525878906;33.58000183105469;34.209999084472656;18.886234283447266;54387500;2024-02-05 17:27:11.825727
PETR4.SA;2022-08-05;2022;08;05;2022-08;34.150001525878906;35.060001373291016;34.119998931884766;34.869998931884766;19.25059700012207;77882600;2024-02-05 17:27:11.825727
PETR4.SA;2022-08-08;2022;08;08;2022-08;35.13999938964844;36.77000045776367;35.130001068115234;36.630001068115234;20.22223854064941;109484600;2024-02-05 17:27:11.825727
PETR4.SA;2022-08-09;2022;08;09;2022-08;37.0099983215332;37.459999084472656;36.84999847412109;37.22999954223633;20.553476333618164;79051200;2024-02-05 17:27:11.825727
PETR4.SA;2022-08-10;2022;08;10;2022-08;37.650001525878906;37.650001525878906;36.61000061035156;37.11000061035156;20.48723030090332;78369600;2024-02-05 17:27:11.825727
PETR4.SA;2022-08-11;2022;08;11;2022-08;37.45000076293945;37.86000061035156;36.25;36.25;20.012454986572266;128896500;2024-02-05 17:27:11.825727
PETR4.SA;2022-08-12;2022;08;12;2022-08;29.100000381469727;31.82999992370605;29.07999992370605;31.709999084472656;21.49857521057129;171288300;2024-02-05 17:27:11.825727
PETR4.SA;2022-08-15;2022;08;15;2022-08;30.8799991607666;32.22999954223633;30.549999237060547;31.71999931335449;21.505355834960938;96759000;2024-02-05 17:27:11.825727
PETR4.SA;2022-08-16;2022;08;16;2022-08;31.71999931335449;32.06999969482422;31.5;32.0099983215332;21.70196533203125;64218800;2024-02-05 17:27:11.825727
PETR4.SA;2022-08-17;2022;08;17;2022-08;31.649999618530277;32.81999969482422;31.600000381469727;32.7599983215332;22.21044540405273;72924700;2024-02-05 17:27:11.825727
PETR4.SA;2022-08-18;2022;08;18;2022-08;33.099998474121094;33.65999984741211;32.869998931884766;33.41999816894531;22.657909393310547;84552500;2024-02-05 17:27:11.825727
PETR4.SA;2022-08-19;2022;08;19;2022-08;32.91999816894531;33.150001525878906;31.32999992370605;31.729999542236328;21.512134552001957;125178200;2024-02-05 17:27:11.825727
PETR4.SA;2022-08-22;2022;08;22;2022-08;31.739999771118164;32.58000183105469;30.479999542236328;32.40999984741211;21.97315788269043;92400300;2024-02-05 17:27:11.825727
PETR4.SA;2022-08-23;2022;08;23;2022-08;32.630001068115234;33.5;32.619998931884766;33.439998626708984;22.67146873474121;73215800;2024-02-05 17:27:11.825727
PETR4.SA;2022-08-24;2022;08;24;2022-08;33.540000915527344;34.119998931884766;33.25;33.63999938964844;22.807064056396484;61067900;2024-02-05 17:27:11.825727
PETR4.SA;2022-08-25;2022;08;25;2022-08;34.099998474121094;34.36000061035156;32.66999816894531;33.279998779296875;22.5629940032959;99511600;2024-02-05 17:27:11.825727
PETR4.SA;2022-08-26;2022;08;26;2022-08;33.279998779296875;33.66999816894531;32.56999969482422;33.63999938964844;22.807064056396484;63545400;2024-02-05 17:27:11.825727
PETR4.SA;2022-08-29;2022;08;29;2022-08;33.54999923706055;35.08000183105469;33.45000076293945;34.47999954223633;23.376564025878903;73339500;2024-02-05 17:27:11.825727
PETR4.SA;2022-08-30;2022;08;30;2022-08;34.0;34.220001220703125;32.27000045776367;32.43000030517578;21.986717224121094;99361100;2024-02-05 17:27:11.825727
PETR4.SA;2022-08-31;2022;08;31;2022-08;32.06999969482422;33.439998626708984;31.81999969482422;33.22999954223633;22.52909469604492;114235400;2024-02-05 17:27:11.825727
PETR4.SA;2022-09-01;2022;09;01;2022-09;33.36000061035156;33.95000076293945;32.7599983215332;33.849998474121094;22.94944190979004;69184700;2024-02-05 17:27:11.825727
PETR4.SA;2022-09-02;2022;09;02;2022-09;34.439998626708984;34.56999969482422;33.2599983215332;33.41999816894531;22.657909393310547;81792300;2024-02-05 17:27:11.825727
PETR4.SA;2022-09-05;2022;09;05;2022-09;33.849998474121094;34.11000061035156;33.150001525878906;33.34000015258789;22.60367202758789;76337600;2024-02-05 17:27:11.825727
PETR4.SA;2022-09-06;2022;09;06;2022-09;32.27000045776367;32.59000015258789;31.51000022888184;32.099998474121094;21.76298141479492;111813500;2024-02-05 17:27:11.825727
PETR4.SA;2022-09-08;2022;09;08;2022-09;32.310001373291016;32.779998779296875;31.399999618530277;31.799999237060547;21.55959129333496;63159800;2024-02-05 17:27:11.825727
PETR4.SA;2022-09-09;2022;09;09;2022-09;32.4900016784668;32.66999816894531;31.700000762939453;31.790000915527344;21.552812576293945;49871900;2024-02-05 17:27:11.825727
PETR4.SA;2022-09-12;2022;09;12;2022-09;32.150001525878906;32.72999954223633;31.459999084472656;31.479999542236328;21.342641830444336;71374500;2024-02-05 17:27:11.825727
PETR4.SA;2022-09-13;2022;09;13;2022-09;30.940000534057617;31.440000534057617;30.520000457763672;30.649999618530277;20.77992057800293;88327800;2024-02-05 17:27:11.825727
PETR4.SA;2022-09-14;2022;09;14;2022-09;30.75;31.43000030517578;30.6299991607666;31.1200008392334;21.09856986999512;49039700;2024-02-05 17:27:11.825727
PETR4.SA;2022-09-15;2022;09;15;2022-09;30.920000076293945;31.229999542236328;30.799999237060547;31.059999465942383;21.057891845703125;45553200;2024-02-05 17:27:11.825727
PETR4.SA;2022-09-16;2022;09;16;2022-09;30.86000061035156;30.950000762939453;30.34000015258789;30.780000686645508;20.86805725097656;107303600;2024-02-05 17:27:11.825727
PETR4.SA;2022-09-19;2022;09;19;2022-09;30.5;31.3799991607666;29.8799991607666;31.270000457763672;21.20026588439941;65559900;2024-02-05 17:27:11.825727
PETR4.SA;2022-09-20;2022;09;20;2022-09;31.420000076293945;31.600000381469727;30.84000015258789;31.09000015258789;21.07823181152344;67798200;2024-02-05 17:27:11.825727
PETR4.SA;2022-09-21;2022;09;21;2022-09;31.350000381469727;31.46999931335449;30.88999938964844;31.170000076293945;21.132469177246094;58812200;2024-02-05 17:27:11.825727
PETR4.SA;2022-09-22;2022;09;22;2022-09;31.479999542236328;32.08000183105469;31.030000686645508;31.940000534057617;21.65450668334961;69764300;2024-02-05 17:27:11.825727
PETR4.SA;2022-09-23;2022;09;23;2022-09;31.31999969482422;31.38999938964844;29.770000457763672;29.940000534057617;20.298559188842773;138630800;2024-02-05 17:27:11.825727
PETR4.SA;2022-09-26;2022;09;26;2022-09;29.71999931335449;30.07999992370605;29.270000457763672;29.290000915527344;19.85787773132324;42934600;2024-02-05 17:27:11.825727
PETR4.SA;2022-09-27;2022;09;27;2022-09;29.65999984741211;29.8799991607666;29.57999992370605;29.670000076293945;20.11550712585449;71087600;2024-02-05 17:27:11.825727
PETR4.SA;2022-09-28;2022;09;28;2022-09;29.670000076293945;29.81999969482422;28.57999992370605;29.270000457763672;19.844316482543945;104670700;2024-02-05 17:27:11.825727
PETR4.SA;2022-09-29;2022;09;29;2022-09;28.989999771118164;29.399999618530277;28.600000381469727;29.309999465942383;19.871435165405277;87536500;2024-02-05 17:27:11.825727
PETR4.SA;2022-09-30;2022;09;30;2022-09;29.21999931335449;30.489999771118164;29.0;29.799999237060547;20.20364189147949;121637100;2024-02-05 17:27:11.825727
PETR4.SA;2022-10-03;2022;10;03;2022-10;31.90999984741211;32.63999938964844;31.65999984741211;32.18000030517578;21.81722450256348;179694100;2024-02-05 17:27:11.825727
PETR4.SA;2022-10-04;2022;10;04;2022-10;32.900001525878906;32.97999954223633;31.06999969482422;31.3700008392334;21.26806259155273;115917200;2024-02-05 17:27:11.825727
PETR4.SA;2022-10-05;2022;10;05;2022-10;31.40999984741211;32.81999969482422;31.200000762939453;32.54999923706055;22.06807327270508;92893700;2024-02-05 17:27:11.825727
PETR4.SA;2022-10-06;2022;10;06;2022-10;33.0;33.790000915527344;32.439998626708984;33.65999984741211;22.82062530517578;82671900;2024-02-05 17:27:11.825727
PETR4.SA;2022-10-07;2022;10;07;2022-10;33.58000183105469;34.31999969482422;33.220001220703125;33.630001068115234;22.8002872467041;73500100;2024-02-05 17:27:11.825727
PETR4.SA;2022-10-10;2022;10;10;2022-10;33.650001525878906;33.88999938964844;33.0;33.25;22.54265594482422;52222600;2024-02-05 17:27:11.825727
PETR4.SA;2022-10-11;2022;10;11;2022-10;32.88999938964844;33.33000183105469;32.61000061035156;33.0;22.3731632232666;58332400;2024-02-05 17:27:11.825727
PETR4.SA;2022-10-13;2022;10;13;2022-10;32.5;34.4900016784668;32.40999984741211;33.939998626708984;23.01045608520508;91143900;2024-02-05 17:27:11.825727
PETR4.SA;2022-10-14;2022;10;14;2022-10;33.970001220703125;34.13999938964844;33.29999923706055;33.41999816894531;22.657909393310547;62246100;2024-02-05 17:27:11.825727
PETR4.SA;2022-10-17;2022;10;17;2022-10;33.2400016784668;34.150001525878906;32.84000015258789;33.38999938964844;22.637571334838867;100936400;2024-02-05 17:27:11.825727
PETR4.SA;2022-10-18;2022;10;18;2022-10;33.900001525878906;34.22999954223633;33.15999984741211;34.209999084472656;23.193510055541992;82313200;2024-02-05 17:27:11.825727
PETR4.SA;2022-10-19;2022;10;19;2022-10;34.130001068115234;35.560001373291016;34.02000045776367;35.41999816894531;24.01386070251465;113700900;2024-02-05 17:27:11.825727
PETR4.SA;2022-10-20;2022;10;20;2022-10;36.09999847412109;36.54999923706055;35.77000045776367;36.470001220703125;24.725732803344727;114347400;2024-02-05 17:27:11.825727
PETR4.SA;2022-10-21;2022;10;21;2022-10;36.45000076293945;38.38999938964844;36.38999938964844;37.720001220703125;25.573204040527344;139601400;2024-02-05 17:27:11.825727
PETR4.SA;2022-10-24;2022;10;24;2022-10;36.5;36.81999969482422;34.22999954223633;34.25;23.220630645751957;142110900;2024-02-05 17:27:11.825727
PETR4.SA;2022-10-25;2022;10;25;2022-10;34.040000915527344;34.5;33.209999084472656;33.529998779296875;22.73248672485352;113161200;2024-02-05 17:27:11.825727
PETR4.SA;2022-10-26;2022;10;26;2022-10;32.599998474121094;33.529998779296875;31.899999618530277;32.709999084472656;22.17654800415039;121334800;2024-02-05 17:27:11.825727
PETR4.SA;2022-10-27;2022;10;27;2022-10;32.810001373291016;33.540000915527344;32.66999816894531;32.959999084472656;22.34604263305664;111008800;2024-02-05 17:27:11.825727
PETR4.SA;2022-10-28;2022;10;28;2022-10;32.70000076293945;33.119998931884766;31.86000061035156;32.56999969482422;22.08163070678711;129745400;2024-02-05 17:27:11.825727
PETR4.SA;2022-10-31;2022;10;31;2022-10;30.61000061035156;31.600000381469727;29.15999984741211;29.809999465942383;20.210424423217773;262409400;2024-02-05 17:27:11.825727
PETR4.SA;2022-11-01;2022;11;01;2022-11;30.56999969482422;30.670000076293945;29.559999465942383;29.86000061035156;20.24432182312012;115944200;2024-02-05 17:27:11.825727
PETR4.SA;2022-11-03;2022;11;03;2022-11;29.799999237060547;30.38999938964844;29.440000534057617;29.950000762939453;20.30534172058105;139062100;2024-02-05 17:27:11.825727
PETR4.SA;2022-11-04;2022;11;04;2022-11;30.799999237060547;30.899999618530277;28.18000030517578;28.299999237060547;19.18667984008789;195361000;2024-02-05 17:27:11.825727
PETR4.SA;2022-11-07;2022;11;07;2022-11;27.959999084472656;28.299999237060547;27.06999969482422;27.149999618530277;18.40701103210449;117206600;2024-02-05 17:27:11.825727
PETR4.SA;2022-11-08;2022;11;08;2022-11;27.059999465942383;27.530000686645508;26.75;27.350000381469727;18.54260635375977;94745400;2024-02-05 17:27:11.825727
PETR4.SA;2022-11-09;2022;11;09;2022-11;27.149999618530277;27.950000762939453;26.63999938964844;26.899999618530277;18.23751640319824;103303500;2024-02-05 17:27:11.825727
PETR4.SA;2022-11-10;2022;11;10;2022-11;26.07999992370605;26.88999938964844;25.61000061035156;26.1200008392334;17.708698272705078;145470100;2024-02-05 17:27:11.825727
PETR4.SA;2022-11-11;2022;11;11;2022-11;25.799999237060547;27.36000061035156;25.700000762939453;26.989999771118164;18.29853630065918;146365800;2024-02-05 17:27:11.825727
PETR4.SA;2022-11-14;2022;11;14;2022-11;27.26000022888184;28.18000030517578;27.09000015258789;27.700000762939453;18.779897689819336;66639500;2024-02-05 17:27:11.825727
PETR4.SA;2022-11-16;2022;11;16;2022-11;27.809999465942383;28.11000061035156;26.93000030517578;27.149999618530277;18.40701103210449;85549900;2024-02-05 17:27:11.825727
PETR4.SA;2022-11-17;2022;11;17;2022-11;27.0;27.299999237060547;26.549999237060547;27.15999984741211;18.413789749145508;101525800;2024-02-05 17:27:11.825727
PETR4.SA;2022-11-18;2022;11;18;2022-11;27.399999618530277;27.600000381469727;26.21999931335449;26.700000762939453;18.10192108154297;127683500;2024-02-05 17:27:11.825727
PETR4.SA;2022-11-21;2022;11;21;2022-11;27.1200008392334;27.56999969482422;26.049999237060547;26.780000686645508;18.15616226196289;164898100;2024-02-05 17:27:11.825727
PETR4.SA;2022-11-22;2022;11;22;2022-11;23.0;23.43000030517578;22.299999237060547;23.32999992370605;18.07781982421875;164261300;2024-02-05 17:27:11.825727
PETR4.SA;2022-11-23;2022;11;23;2022-11;23.0;23.649999618530277;22.799999237060547;23.440000534057617;18.163057327270508;77317300;2024-02-05 17:27:11.825727
PETR4.SA;2022-11-24;2022;11;24;2022-11;23.520000457763672;24.6299991607666;23.25;24.25;18.79070472717285;94233800;2024-02-05 17:27:11.825727
PETR4.SA;2022-11-25;2022;11;25;2022-11;24.26000022888184;24.32999992370605;23.600000381469727;23.86000061035156;18.488506317138672;58635900;2024-02-05 17:27:11.825727
PETR4.SA;2022-11-28;2022;11;28;2022-11;23.649999618530277;24.549999237060547;23.540000915527344;24.36000061035156;18.875940322875977;56067400;2024-02-05 17:27:11.825727
PETR4.SA;2022-11-29;2022;11;29;2022-11;24.600000381469727;25.8799991607666;24.479999542236328;25.3799991607666;19.66631317138672;96151500;2024-02-05 17:27:11.825727
PETR4.SA;2022-11-30;2022;11;30;2022-11;25.600000381469727;26.65999984741211;25.5;26.65999984741211;20.658151626586918;120774700;2024-02-05 17:27:11.825727
PETR4.SA;2022-12-01;2022;12;01;2022-12;26.57999992370605;26.790000915527344;25.559999465942383;25.59000015258789;19.829036712646484;71259400;2024-02-05 17:27:11.825727
PETR4.SA;2022-12-02;2022;12;02;2022-12;25.690000534057617;26.450000762939453;25.309999465942383;25.90999984741211;20.076997756958008;66301000;2024-02-05 17:27:11.825727
PETR4.SA;2022-12-05;2022;12;05;2022-12;26.0;26.57999992370605;25.549999237060547;25.6200008392334;19.85228157043457;56065400;2024-02-05 17:27:11.825727
PETR4.SA;2022-12-06;2022;12;06;2022-12;25.81999969482422;26.38999938964844;25.420000076293945;25.63999938964844;19.86777877807617;74991200;2024-02-05 17:27:11.825727
PETR4.SA;2022-12-07;2022;12;07;2022-12;25.34000015258789;26.06999969482422;25.270000457763672;25.350000381469727;19.64306640625;57008400;2024-02-05 17:27:11.825727
PETR4.SA;2022-12-08;2022;12;08;2022-12;25.549999237060547;25.790000915527344;24.63999938964844;24.780000686645508;19.201387405395508;55567700;2024-02-05 17:27:11.825727
PETR4.SA;2022-12-09;2022;12;09;2022-12;24.989999771118164;25.049999237060547;24.489999771118164;24.709999084472656;19.147146224975582;61586200;2024-02-05 17:27:11.825727
PETR4.SA;2022-12-12;2022;12;12;2022-12;24.57999992370605;24.65999984741211;23.1299991607666;23.90999984741211;18.52724838256836;111293100;2024-02-05 17:27:11.825727
PETR4.SA;2022-12-13;2022;12;13;2022-12;24.100000381469727;24.200000762939453;23.309999465942383;23.31999969482422;18.070070266723636;102533100;2024-02-05 17:27:11.825727
PETR4.SA;2022-12-14;2022;12;14;2022-12;22.5;22.600000381469727;20.770000457763672;21.46999931335449;16.636552810668945;319501600;2024-02-05 17:27:11.825727
PETR4.SA;2022-12-15;2022;12;15;2022-12;21.0;22.3700008392334;20.82999992370605;22.040000915527344;17.078231811523438;132385600;2024-02-05 17:27:11.825727
PETR4.SA;2022-12-16;2022;12;16;2022-12;21.959999084472656;22.11000061035156;21.51000022888184;22.049999237060547;17.085979461669922;90767300;2024-02-05 17:27:11.825727
PETR4.SA;2022-12-19;2022;12;19;2022-12;22.100000381469727;22.51000022888184;21.63999938964844;22.3799991607666;17.341690063476562;63074100;2024-02-05 17:27:11.825727
PETR4.SA;2022-12-20;2022;12;20;2022-12;22.38999938964844;23.239999771118164;22.209999084472656;23.06999969482422;17.876352310180664;71875500;2024-02-05 17:27:11.825727
PETR4.SA;2022-12-21;2022;12;21;2022-12;23.5;23.71999931335449;22.850000381469727;23.56999969482422;18.263790130615234;74252800;2024-02-05 17:27:11.825727
PETR4.SA;2022-12-22;2022;12;22;2022-12;23.899999618530277;24.559999465942383;23.700000762939453;23.989999771118164;18.58923721313477;81894800;2024-02-05 17:27:11.825727
PETR4.SA;2022-12-23;2022;12;23;2022-12;24.1299991607666;25.21999931335449;24.1299991607666;25.1200008392334;19.464845657348636;68387900;2024-02-05 17:27:11.825727
PETR4.SA;2022-12-26;2022;12;26;2022-12;25.1200008392334;25.299999237060547;24.81999969482422;24.940000534057617;19.325368881225582;28765200;2024-02-05 17:27:11.825727
PETR4.SA;2022-12-27;2022;12;27;2022-12;25.25;25.309999465942383;24.549999237060547;25.11000061035156;19.45709609985352;50803200;2024-02-05 17:27:11.825727
PETR4.SA;2022-12-28;2022;12;28;2022-12;25.100000381469727;25.31999969482422;24.75;24.799999237060547;19.216886520385746;57293500;2024-02-05 17:27:11.825727
PETR4.SA;2022-12-29;2022;12;29;2022-12;24.989999771118164;25.049999237060547;24.43000030517578;24.5;18.98442268371582;57901800;2024-02-05 17:27:11.825727
^MERV;2022-01-03;2022;01;03;2022-01;83500.1015625;85724.3984375;83500.1015625;85579.1015625;85579.1015625;0;2024-02-05 17:27:11.825727
^MERV;2022-01-04;2022;01;04;2022-01;85579.1015625;86355.5;85002.5;85286.0;85286.0;0;2024-02-05 17:27:11.825727
^MERV;2022-01-05;2022;01;05;2022-01;85286.0;85841.203125;83811.5;83835.703125;83835.703125;0;2024-02-05 17:27:11.825727
^MERV;2022-01-06;2022;01;06;2022-01;83835.703125;84408.1015625;82671.8984375;83747.796875;83747.796875;0;2024-02-05 17:27:11.825727
^MERV;2022-01-07;2022;01;07;2022-01;83761.3984375;84502.296875;83408.5;84402.1015625;84402.1015625;0;2024-02-05 17:27:11.825727
^MERV;2022-01-10;2022;01;10;2022-01;84402.1015625;84421.203125;83351.8984375;83746.296875;83746.296875;0;2024-02-05 17:27:11.825727
^MERV;2022-01-11;2022;01;11;2022-01;83746.296875;84840.296875;83599.703125;84702.296875;84702.296875;0;2024-02-05 17:27:11.825727
^MERV;2022-01-12;2022;01;12;2022-01;84702.296875;85466.296875;84499.796875;85100.296875;85100.296875;0;2024-02-05 17:27:11.825727
^MERV;2022-01-13;2022;01;13;2022-01;85100.296875;86743.796875;85088.6015625;85370.8984375;85370.8984375;0;2024-02-05 17:27:11.825727
^MERV;2022-01-14;2022;01;14;2022-01;85370.8984375;85555.296875;84628.5;85481.1015625;85481.1015625;0;2024-02-05 17:27:11.825727
^MERV;2022-01-17;2022;01;17;2022-01;85481.1015625;85481.1015625;84758.5;85038.796875;85038.796875;0;2024-02-05 17:27:11.825727
^MERV;2022-01-18;2022;01;18;2022-01;85038.796875;85339.296875;83249.203125;83350.6015625;83350.6015625;0;2024-02-05 17:27:11.825727
^MERV;2022-01-19;2022;01;19;2022-01;83350.6015625;84040.8984375;83157.6015625;83528.203125;83528.203125;0;2024-02-05 17:27:11.825727
^MERV;2022-01-20;2022;01;20;2022-01;83528.203125;85674.0;83528.203125;85126.3984375;85126.3984375;0;2024-02-05 17:27:11.825727
^MERV;2022-01-21;2022;01;21;2022-01;85126.3984375;85172.8984375;83382.3984375;83622.5;83622.5;0;2024-02-05 17:27:11.825727
^MERV;2022-01-24;2022;01;24;2022-01;83622.5;83622.5;80403.3984375;81004.3984375;81004.3984375;0;2024-02-05 17:27:11.825727
^MERV;2022-01-25;2022;01;25;2022-01;81004.3984375;85320.703125;80789.8984375;85180.3984375;85180.3984375;0;2024-02-05 17:27:11.825727
^MERV;2022-01-26;2022;01;26;2022-01;85180.3984375;86614.296875;85180.3984375;85782.1015625;85782.1015625;0;2024-02-05 17:27:11.825727
^MERV;2022-01-27;2022;01;27;2022-01;85782.1015625;86586.0;85319.296875;85968.796875;85968.796875;0;2024-02-05 17:27:11.825727
^MERV;2022-01-28;2022;01;28;2022-01;85968.796875;90227.1015625;85968.796875;88269.796875;88269.796875;0;2024-02-05 17:27:11.825727
^MERV;2022-01-31;2022;01;31;2022-01;88269.796875;91012.3984375;87937.3984375;90907.5;90907.5;0;2024-02-05 17:27:11.825727
^MERV;2022-02-01;2022;02;01;2022-02;90907.5;91802.796875;88669.1015625;91416.6015625;91416.6015625;0;2024-02-05 17:27:11.825727
^MERV;2022-02-02;2022;02;02;2022-02;91416.6015625;92732.3984375;89490.703125;89662.703125;89662.703125;0;2024-02-05 17:27:11.825727
^MERV;2022-02-03;2022;02;03;2022-02;89662.703125;89813.0;87745.8984375;88091.296875;88091.296875;0;2024-02-05 17:27:11.825727
^MERV;2022-02-04;2022;02;04;2022-02;88091.296875;88637.203125;87225.8984375;87934.0;87934.0;0;2024-02-05 17:27:11.825727
^MERV;2022-02-07;2022;02;07;2022-02;87934.0;89438.8984375;87934.0;89189.1015625;89189.1015625;0;2024-02-05 17:27:11.825727
^MERV;2022-02-08;2022;02;08;2022-02;89189.1015625;89877.1015625;88092.0;88149.203125;88149.203125;0;2024-02-05 17:27:11.825727
^MERV;2022-02-09;2022;02;09;2022-02;88149.203125;89097.8984375;87309.296875;87393.1015625;87393.1015625;0;2024-02-05 17:27:11.825727
^MERV;2022-02-10;2022;02;10;2022-02;87393.1015625;88463.0;86994.3984375;87559.3984375;87559.3984375;0;2024-02-05 17:27:11.825727
^MERV;2022-02-11;2022;02;11;2022-02;87559.3984375;89904.5;87468.1015625;88185.0;88185.0;0;2024-02-05 17:27:11.825727
^MERV;2022-02-14;2022;02;14;2022-02;88185.0;88773.703125;87321.5;87803.703125;87803.703125;0;2024-02-05 17:27:11.825727
^MERV;2022-02-15;2022;02;15;2022-02;87803.703125;88824.8984375;87594.296875;88042.6015625;88042.6015625;0;2024-02-05 17:27:11.825727
^MERV;2022-02-16;2022;02;16;2022-02;88042.6015625;90776.0;87991.6015625;90577.6015625;90577.6015625;0;2024-02-05 17:27:11.825727
^MERV;2022-02-17;2022;02;17;2022-02;90577.6015625;91286.0;89977.8984375;89977.8984375;89977.8984375;0;2024-02-05 17:27:11.825727
^MERV;2022-02-18;2022;02;18;2022-02;89977.8984375;90724.5;88325.296875;89443.203125;89443.203125;0;2024-02-05 17:27:11.825727
^MERV;2022-02-21;2022;02;21;2022-02;89443.203125;90391.8984375;89333.296875;90029.5;90029.5;0;2024-02-05 17:27:11.825727
^MERV;2022-02-22;2022;02;22;2022-02;90029.5;91166.3984375;89789.203125;90440.6015625;90440.6015625;0;2024-02-05 17:27:11.825727
^MERV;2022-02-23;2022;02;23;2022-02;90440.6015625;91764.296875;89401.203125;91359.5;91359.5;0;2024-02-05 17:27:11.825727
^MERV;2022-02-24;2022;02;24;2022-02;91359.5;91359.5;87311.5;88721.5;88721.5;0;2024-02-05 17:27:11.825727
^MERV;2022-02-25;2022;02;25;2022-02;88721.5;89836.8984375;87785.5;87969.8984375;87969.8984375;0;2024-02-05 17:27:11.825727
^MERV;2022-03-02;2022;03;02;2022-03;87969.8984375;90469.796875;87969.8984375;90248.8984375;90248.8984375;0;2024-02-05 17:27:11.825727
^MERV;2022-03-03;2022;03;03;2022-03;90248.8984375;91759.203125;88415.703125;91558.0;91558.0;0;2024-02-05 17:27:11.825727
^MERV;2022-03-04;2022;03;04;2022-03;91558.0;91988.8984375;88451.3984375;89515.3984375;89515.3984375;0;2024-02-05 17:27:11.825727
^MERV;2022-03-07;2022;03;07;2022-03;89515.3984375;90713.296875;87788.796875;87948.203125;87948.203125;0;2024-02-05 17:27:11.825727
^MERV;2022-03-08;2022;03;08;2022-03;87948.203125;88061.1015625;87948.203125;88061.1015625;88061.1015625;0;2024-02-05 17:27:11.825727
^MERV;2022-03-09;2022;03;09;2022-03;88061.1015625;89354.1015625;87003.1015625;87226.5;87226.5;0;2024-02-05 17:27:11.825727
^MERV;2022-03-10;2022;03;10;2022-03;87226.5;90393.296875;87138.703125;90283.1015625;90283.1015625;0;2024-02-05 17:27:11.825727
^MERV;2022-03-11;2022;03;11;2022-03;90283.1015625;91465.703125;88620.296875;88999.1015625;88999.1015625;0;2024-02-05 17:27:11.825727
^MERV;2022-03-14;2022;03;14;2022-03;88999.1015625;89003.203125;84747.703125;84955.8984375;84955.8984375;0;2024-02-05 17:27:11.825727
^MERV;2022-03-15;2022;03;15;2022-03;84955.8984375;84955.8984375;83570.0;84054.703125;84054.703125;0;2024-02-05 17:27:11.825727
^MERV;2022-03-16;2022;03;16;2022-03;84054.703125;87661.296875;84054.703125;87450.8984375;87450.8984375;0;2024-02-05 17:27:11.825727
^MERV;2022-03-17;2022;03;17;2022-03;87450.8984375;89790.0;87450.8984375;89645.8984375;89645.8984375;0;2024-02-05 17:27:11.825727
^MERV;2022-03-18;2022;03;18;2022-03;89645.8984375;90693.796875;88790.3984375;89057.6015625;89057.6015625;0;2024-02-05 17:27:11.825727
^MERV;2022-03-21;2022;03;21;2022-03;89057.6015625;90989.203125;89032.6015625;90041.1015625;90041.1015625;0;2024-02-05 17:27:11.825727
^MERV;2022-03-22;2022;03;22;2022-03;90041.1015625;91362.5;89979.296875;90170.1015625;90170.1015625;0;2024-02-05 17:27:11.825727
^MERV;2022-03-23;2022;03;23;2022-03;90170.1015625;91891.0;89773.0;90106.6015625;90106.6015625;0;2024-02-05 17:27:11.825727
^MERV;2022-03-25;2022;03;25;2022-03;90106.6015625;93313.203125;90106.6015625;93010.3984375;93010.3984375;0;2024-02-05 17:27:11.825727
^MERV;2022-03-28;2022;03;28;2022-03;93010.3984375;93058.6015625;91643.8984375;91663.0;91663.0;0;2024-02-05 17:27:11.825727
^MERV;2022-03-29;2022;03;29;2022-03;91663.0;92046.1015625;89875.0;89967.296875;89967.296875;0;2024-02-05 17:27:11.825727
^MERV;2022-03-30;2022;03;30;2022-03;89967.296875;91215.296875;89966.296875;90867.6015625;90867.6015625;0;2024-02-05 17:27:11.825727
^MERV;2022-03-31;2022;03;31;2022-03;90867.6015625;92039.0;90702.5;90959.6015625;90959.6015625;0;2024-02-05 17:27:11.825727
^MERV;2022-04-01;2022;04;01;2022-04;90979.0;92571.0;90979.0;92391.0;92391.0;0;2024-02-05 17:27:11.825727
^MERV;2022-04-04;2022;04;04;2022-04;92391.0;93480.3984375;92391.0;93218.703125;93218.703125;0;2024-02-05 17:27:11.825727
^MERV;2022-04-05;2022;04;05;2022-04;93218.703125;94374.296875;91811.6015625;91814.296875;91814.296875;0;2024-02-05 17:27:11.825727
^MERV;2022-04-06;2022;04;06;2022-04;91814.296875;91814.296875;89921.796875;90973.0;90973.0;0;2024-02-05 17:27:11.825727
^MERV;2022-04-07;2022;04;07;2022-04;90973.0;91686.703125;89848.3984375;91558.203125;91558.203125;0;2024-02-05 17:27:11.825727
^MERV;2022-04-08;2022;04;08;2022-04;91558.203125;92488.6015625;91558.203125;92091.5;92091.5;0;2024-02-05 17:27:11.825727
^MERV;2022-04-11;2022;04;11;2022-04;92091.5;92245.703125;90487.6015625;90629.8984375;90629.8984375;0;2024-02-05 17:27:11.825727
^MERV;2022-04-12;2022;04;12;2022-04;90629.8984375;91426.1015625;89924.5;90345.8984375;90345.8984375;0;2024-02-05 17:27:11.825727
^MERV;2022-04-13;2022;04;13;2022-04;90345.8984375;91116.0;89982.796875;91041.3984375;91041.3984375;0;2024-02-05 17:27:11.825727
^MERV;2022-04-18;2022;04;18;2022-04;91041.3984375;92777.796875;90977.1015625;91239.203125;91239.203125;0;2024-02-05 17:27:11.825727
^MERV;2022-04-19;2022;04;19;2022-04;91239.203125;92151.5;90939.203125;92038.3984375;92038.3984375;0;2024-02-05 17:27:11.825727
^MERV;2022-04-20;2022;04;20;2022-04;92038.3984375;92741.703125;91120.3984375;92559.296875;92559.296875;0;2024-02-05 17:27:11.825727
^MERV;2022-04-21;2022;04;21;2022-04;92559.296875;93141.0;91263.0;91496.1015625;91496.1015625;0;2024-02-05 17:27:11.825727
^MERV;2022-04-22;2022;04;22;2022-04;91656.796875;92688.5;91414.1015625;91717.1015625;91717.1015625;0;2024-02-05 17:27:11.825727
^MERV;2022-04-25;2022;04;25;2022-04;91792.3984375;91792.3984375;88790.203125;91154.3984375;91154.3984375;0;2024-02-05 17:27:11.825727
^MERV;2022-04-26;2022;04;26;2022-04;91154.703125;91154.703125;89214.0;89574.703125;89574.703125;0;2024-02-05 17:27:11.825727
^MERV;2022-04-27;2022;04;27;2022-04;89574.703125;90913.703125;89363.5;90033.296875;90033.296875;0;2024-02-05 17:27:11.825727
^MERV;2022-04-28;2022;04;28;2022-04;90033.296875;91019.1015625;89337.5;90354.203125;90354.203125;0;2024-02-05 17:27:11.825727
^MERV;2022-04-29;2022;04;29;2022-04;90354.203125;91371.203125;88176.203125;88251.0;88251.0;0;2024-02-05 17:27:11.825727
^MERV;2022-05-02;2022;05;02;2022-05;88251.0;88251.0;86661.6015625;87608.1015625;87608.1015625;0;2024-02-05 17:27:11.825727
^MERV;2022-05-03;2022;05;03;2022-05;87608.1015625;89751.296875;87515.703125;89585.296875;89585.296875;0;2024-02-05 17:27:11.825727
^MERV;2022-05-04;2022;05;04;2022-05;89634.6015625;89638.203125;88415.703125;89401.3984375;89401.3984375;0;2024-02-05 17:27:11.825727
^MERV;2022-05-05;2022;05;05;2022-05;89909.3984375;89909.3984375;86229.296875;86434.1015625;86434.1015625;0;2024-02-05 17:27:11.825727
^MERV;2022-05-06;2022;05;06;2022-05;86434.1015625;87178.796875;85155.5;86507.203125;86507.203125;0;2024-02-05 17:27:11.825727
^MERV;2022-05-09;2022;05;09;2022-05;86544.796875;86544.796875;82166.8984375;82243.6015625;82243.6015625;0;2024-02-05 17:27:11.825727
^MERV;2022-05-10;2022;05;10;2022-05;82243.6015625;83839.203125;81962.796875;83676.796875;83676.796875;0;2024-02-05 17:27:11.825727
^MERV;2022-05-11;2022;05;11;2022-05;83676.796875;85884.3984375;83676.796875;85762.796875;85762.796875;0;2024-02-05 17:27:11.825727
^MERV;2022-05-12;2022;05;12;2022-05;85762.796875;86786.703125;84285.6015625;85520.796875;85520.796875;0;2024-02-05 17:27:11.825727
^MERV;2022-05-13;2022;05;13;2022-05;85532.796875;88974.5;85532.796875;88795.796875;88795.796875;0;2024-02-05 17:27:11.825727
^MERV;2022-05-16;2022;05;16;2022-05;88795.796875;90385.8984375;88501.0;89964.796875;89964.796875;0;2024-02-05 17:27:11.825727
^MERV;2022-05-17;2022;05;17;2022-05;89964.796875;91857.0;89964.796875;90803.3984375;90803.3984375;0;2024-02-05 17:27:11.825727
^MERV;2022-05-19;2022;05;19;2022-05;90803.3984375;90803.3984375;88634.296875;88634.296875;88634.296875;0;2024-02-05 17:27:11.825727
^MERV;2022-05-20;2022;05;20;2022-05;88634.296875;89799.8984375;87330.8984375;88119.0;88119.0;0;2024-02-05 17:27:11.825727
^MERV;2022-05-23;2022;05;23;2022-05;88119.0;90525.3984375;87698.1015625;90344.1015625;90344.1015625;0;2024-02-05 17:27:11.825727
^MERV;2022-05-24;2022;05;24;2022-05;90344.1015625;91447.8984375;89835.703125;91271.703125;91271.703125;0;2024-02-05 17:27:11.825727
^MERV;2022-05-26;2022;05;26;2022-05;91271.703125;93776.5;91271.703125;93711.0;93711.0;0;2024-02-05 17:27:11.825727
^MERV;2022-05-27;2022;05;27;2022-05;93711.0;94319.1015625;93519.0;93683.296875;93683.296875;0;2024-02-05 17:27:11.825727
^MERV;2022-05-30;2022;05;30;2022-05;93683.296875;94207.296875;93120.296875;93236.203125;93236.203125;0;2024-02-05 17:27:11.825727
^MERV;2022-05-31;2022;05;31;2022-05;93236.203125;93552.1015625;91792.296875;92288.0;92288.0;0;2024-02-05 17:27:11.825727
^MERV;2022-06-01;2022;06;01;2022-06;92288.0;92489.3984375;90607.703125;91369.6015625;91369.6015625;0;2024-02-05 17:27:11.825727
^MERV;2022-06-02;2022;06;02;2022-06;91369.6015625;92141.296875;90732.203125;91452.0;91452.0;0;2024-02-05 17:27:11.825727
^MERV;2022-06-03;2022;06;03;2022-06;91678.6015625;92025.6015625;91343.5;91775.203125;91775.203125;0;2024-02-05 17:27:11.825727
^MERV;2022-06-06;2022;06;06;2022-06;91775.203125;92579.5;90035.296875;90351.703125;90351.703125;0;2024-02-05 17:27:11.825727
^MERV;2022-06-07;2022;06;07;2022-06;90385.796875;91063.796875;90141.5;90938.1015625;90938.1015625;0;2024-02-05 17:27:11.825727
^MERV;2022-06-08;2022;06;08;2022-06;90938.1015625;91218.796875;89843.6015625;89946.8984375;89946.8984375;0;2024-02-05 17:27:11.825727
^MERV;2022-06-09;2022;06;09;2022-06;89982.296875;89982.296875;88282.203125;88869.796875;88869.796875;0;2024-02-05 17:27:11.825727
^MERV;2022-06-10;2022;06;10;2022-06;88869.796875;89171.703125;87329.8984375;89141.3984375;89141.3984375;0;2024-02-05 17:27:11.825727
^MERV;2022-06-13;2022;06;13;2022-06;89143.0;89143.0;86617.296875;87937.8984375;87937.8984375;0;2024-02-05 17:27:11.825727
^MERV;2022-06-14;2022;06;14;2022-06;87937.8984375;88976.3984375;86632.6015625;87400.0;87400.0;0;2024-02-05 17:27:11.825727
^MERV;2022-06-15;2022;06;15;2022-06;87400.0;88789.1015625;87400.0;88465.6015625;88465.6015625;0;2024-02-05 17:27:11.825727
^MERV;2022-06-16;2022;06;16;2022-06;88465.6015625;88465.6015625;86564.6015625;87060.8984375;87060.8984375;0;2024-02-05 17:27:11.825727
^MERV;2022-06-21;2022;06;21;2022-06;87060.8984375;87503.8984375;86392.296875;86545.8984375;86545.8984375;0;2024-02-05 17:27:11.825727
^MERV;2022-06-22;2022;06;22;2022-06;86545.8984375;86624.796875;85412.0;85662.5;85662.5;0;2024-02-05 17:27:11.825727
^MERV;2022-06-23;2022;06;23;2022-06;85662.5;85662.5;81977.5;83170.1015625;83170.1015625;0;2024-02-05 17:27:11.825727
^MERV;2022-06-24;2022;06;24;2022-06;83170.1015625;84061.296875;82295.5;82605.6015625;82605.6015625;0;2024-02-05 17:27:11.825727
^MERV;2022-06-27;2022;06;27;2022-06;82605.6015625;85785.1015625;82374.296875;85712.296875;85712.296875;0;2024-02-05 17:27:11.825727
^MERV;2022-06-28;2022;06;28;2022-06;85712.296875;88349.6015625;85712.296875;88194.703125;88194.703125;0;2024-02-05 17:27:11.825727
^MERV;2022-06-29;2022;06;29;2022-06;88194.703125;88544.203125;86567.3984375;88130.796875;88130.796875;0;2024-02-05 17:27:11.825727
^MERV;2022-06-30;2022;06;30;2022-06;88130.796875;89244.6015625;85765.296875;88449.8984375;88449.8984375;0;2024-02-05 17:27:11.825727
^MERV;2022-07-01;2022;07;01;2022-07;88449.8984375;90276.5;87761.0;90050.796875;90050.796875;0;2024-02-05 17:27:11.825727
^MERV;2022-07-04;2022;07;04;2022-07;90249.1015625;90249.1015625;87005.6015625;89128.796875;89128.796875;0;2024-02-05 17:27:11.825727
^MERV;2022-07-05;2022;07;05;2022-07;89134.5;92950.3984375;89066.296875;92689.5;92689.5;0;2024-02-05 17:27:11.825727
^MERV;2022-07-06;2022;07;06;2022-07;92689.5;95199.703125;90918.5;95075.8984375;95075.8984375;0;2024-02-05 17:27:11.825727
^MERV;2022-07-07;2022;07;07;2022-07;95075.8984375;102585.796875;95075.8984375;102265.3984375;102265.3984375;0;2024-02-05 17:27:11.825727
^MERV;2022-07-08;2022;07;08;2022-07;102591.5;106470.0;101144.0;105850.0;105850.0;0;2024-02-05 17:27:11.825727
^MERV;2022-07-11;2022;07;11;2022-07;105851.703125;105851.703125;101922.0;104431.8984375;104431.8984375;0;2024-02-05 17:27:11.825727
^MERV;2022-07-12;2022;07;12;2022-07;104431.8984375;104445.3984375;101790.6015625;103209.796875;103209.796875;0;2024-02-05 17:27:11.825727
^MERV;2022-07-13;2022;07;13;2022-07;103209.796875;103369.5;101955.203125;102271.0;102271.0;0;2024-02-05 17:27:11.825727
^MERV;2022-07-14;2022;07;14;2022-07;22709.599609375;22709.599609375;269.70001220703125;5184.10009765625;5184.10009765625;0;2024-02-05 17:27:11.825727
^MERV;2022-07-15;2022;07;15;2022-07;100518.3984375;104351.296875;100430.5;104222.8984375;104222.8984375;0;2024-02-05 17:27:11.825727
^MERV;2022-07-18;2022;07;18;2022-07;104222.8984375;106523.3984375;104222.8984375;105441.203125;105441.203125;0;2024-02-05 17:27:11.825727
^MERV;2022-07-19;2022;07;19;2022-07;105441.203125;107547.1015625;105441.203125;107185.3984375;107185.3984375;0;2024-02-05 17:27:11.825727
^MERV;2022-07-20;2022;07;20;2022-07;107185.3984375;107648.1015625;106016.8984375;106949.1015625;106949.1015625;0;2024-02-05 17:27:11.825727
^MERV;2022-07-21;2022;07;21;2022-07;106949.1015625;113408.5;106334.0;112017.0;112017.0;0;2024-02-05 17:27:11.825727
^MERV;2022-07-22;2022;07;22;2022-07;112017.0;114070.203125;111070.203125;113851.3984375;113851.3984375;0;2024-02-05 17:27:11.825727
^MERV;2022-07-25;2022;07;25;2022-07;113851.3984375;119805.796875;113851.3984375;119508.296875;119508.296875;0;2024-02-05 17:27:11.825727
^MERV;2022-07-26;2022;07;26;2022-07;119508.296875;121436.703125;118521.3984375;120038.3984375;120038.3984375;0;2024-02-05 17:27:11.825727
^MERV;2022-07-27;2022;07;27;2022-07;120038.3984375;126670.296875;118813.8984375;126362.0;126362.0;0;2024-02-05 17:27:11.825727
^MERV;2022-07-28;2022;07;28;2022-07;126362.0;130650.796875;124416.796875;127400.0;127400.0;0;2024-02-05 17:27:11.825727
^MERV;2022-07-29;2022;07;29;2022-07;127592.6015625;130078.796875;122223.1015625;122528.296875;122528.296875;0;2024-02-05 17:27:11.825727
^MERV;2022-08-01;2022;08;01;2022-08;122551.3984375;122870.8984375;117255.1015625;117586.796875;117586.796875;0;2024-02-05 17:27:11.825727
^MERV;2022-08-02;2022;08;02;2022-08;117592.5;120092.203125;117144.5;118691.203125;118691.203125;0;2024-02-05 17:27:11.825727
^MERV;2022-08-03;2022;08;03;2022-08;118691.203125;120658.1015625;118114.3984375;120389.8984375;120389.8984375;0;2024-02-05 17:27:11.825727
^MERV;2022-08-04;2022;08;04;2022-08;120389.8984375;121699.296875;119097.3984375;120437.203125;120437.203125;0;2024-02-05 17:27:11.825727
^MERV;2022-08-05;2022;08;05;2022-08;120437.203125;122564.5;120437.203125;121003.8984375;121003.8984375;0;2024-02-05 17:27:11.825727
^MERV;2022-08-08;2022;08;08;2022-08;121003.8984375;124194.5;121003.8984375;123953.3984375;123953.3984375;0;2024-02-05 17:27:11.825727
^MERV;2022-08-09;2022;08;09;2022-08;123953.3984375;123953.3984375;121707.703125;121920.796875;121920.796875;0;2024-02-05 17:27:11.825727
^MERV;2022-08-10;2022;08;10;2022-08;121920.796875;123108.296875;121243.296875;122129.8984375;122129.8984375;0;2024-02-05 17:27:11.825727
^MERV;2022-08-11;2022;08;11;2022-08;122129.8984375;124617.0;122129.8984375;123333.8984375;123333.8984375;0;2024-02-05 17:27:11.825727
^MERV;2022-08-12;2022;08;12;2022-08;123333.8984375;126263.5;123333.8984375;125979.6015625;125979.6015625;0;2024-02-05 17:27:11.825727
^MERV;2022-08-16;2022;08;16;2022-08;125979.6015625;127589.796875;123681.796875;124787.296875;124787.296875;0;2024-02-05 17:27:11.825727
^MERV;2022-08-17;2022;08;17;2022-08;124787.296875;126151.1015625;124106.203125;125962.8984375;125962.8984375;0;2024-02-05 17:27:11.825727
^MERV;2022-08-18;2022;08;18;2022-08;125962.8984375;131584.90625;125962.8984375;131490.90625;131490.90625;0;2024-02-05 17:27:11.825727
^MERV;2022-08-19;2022;08;19;2022-08;131490.90625;131490.90625;128619.796875;131009.1015625;131009.1015625;0;2024-02-05 17:27:11.825727
^MERV;2022-08-22;2022;08;22;2022-08;131009.1015625;132419.796875;129648.8984375;132252.59375;132252.59375;0;2024-02-05 17:27:11.825727
^MERV;2022-08-23;2022;08;23;2022-08;132252.59375;137322.59375;132252.59375;136997.703125;136997.703125;0;2024-02-05 17:27:11.825727
^MERV;2022-08-24;2022;08;24;2022-08;136997.703125;140800.09375;136291.0;140246.09375;140246.09375;0;2024-02-05 17:27:11.825727
^MERV;2022-08-25;2022;08;25;2022-08;140246.09375;143037.5;139342.703125;142777.59375;142777.59375;0;2024-02-05 17:27:11.825727
^MERV;2022-08-26;2022;08;26;2022-08;142777.59375;143246.90625;138832.796875;141460.0;141460.0;0;2024-02-05 17:27:11.825727
^MERV;2022-08-29;2022;08;29;2022-08;141460.0;145859.40625;140996.203125;143805.203125;143805.203125;0;2024-02-05 17:27:11.825727
^MERV;2022-08-30;2022;08;30;2022-08;143805.203125;143805.203125;140446.796875;141133.59375;141133.59375;0;2024-02-05 17:27:11.825727
^MERV;2022-08-31;2022;08;31;2022-08;141133.59375;142206.203125;136050.703125;136241.0;136241.0;0;2024-02-05 17:27:11.825727
^MERV;2022-09-01;2022;09;01;2022-09;136241.0;137706.90625;134329.0;136302.09375;136302.09375;0;2024-02-05 17:27:11.825727
^MERV;2022-09-05;2022;09;05;2022-09;136369.09375;139989.203125;136369.09375;138268.0;138268.0;0;2024-02-05 17:27:11.825727
^MERV;2022-09-06;2022;09;06;2022-09;138268.0;138701.09375;136595.5;137309.296875;137309.296875;0;2024-02-05 17:27:11.825727
^MERV;2022-09-07;2022;09;07;2022-09;137309.296875;141870.796875;136326.296875;141001.5;141001.5;0;2024-02-05 17:27:11.825727
^MERV;2022-09-08;2022;09;08;2022-09;141189.5;144110.59375;140530.296875;141509.296875;141509.296875;0;2024-02-05 17:27:11.825727
^MERV;2022-09-09;2022;09;09;2022-09;141509.296875;144848.40625;141509.296875;144642.203125;144642.203125;0;2024-02-05 17:27:11.825727
^MERV;2022-09-12;2022;09;12;2022-09;144642.203125;147135.40625;144269.296875;144714.09375;144714.09375;0;2024-02-05 17:27:11.825727
^MERV;2022-09-13;2022;09;13;2022-09;144714.09375;145873.59375;142768.203125;142941.59375;142941.59375;0;2024-02-05 17:27:11.825727
^MERV;2022-09-14;2022;09;14;2022-09;142941.59375;146990.09375;142941.59375;146750.0;146750.0;0;2024-02-05 17:27:11.825727
^MERV;2022-09-15;2022;09;15;2022-09;146750.0;148452.203125;143894.296875;144765.59375;144765.59375;0;2024-02-05 17:27:11.825727
^MERV;2022-09-16;2022;09;16;2022-09;144765.59375;146790.796875;143423.0;145741.796875;145741.796875;0;2024-02-05 17:27:11.825727
^MERV;2022-09-19;2022;09;19;2022-09;145741.796875;150971.40625;145296.796875;150262.09375;150262.09375;0;2024-02-05 17:27:11.825727
^MERV;2022-09-20;2022;09;20;2022-09;150262.09375;150953.90625;147227.703125;147929.796875;147929.796875;0;2024-02-05 17:27:11.825727
^MERV;2022-09-21;2022;09;21;2022-09;147929.796875;148433.0;145631.703125;146980.09375;146980.09375;0;2024-02-05 17:27:11.825727
^MERV;2022-09-22;2022;09;22;2022-09;146980.09375;149766.0;146578.296875;149480.796875;149480.796875;0;2024-02-05 17:27:11.825727
^MERV;2022-09-23;2022;09;23;2022-09;149480.796875;149480.796875;142610.0;142931.703125;142931.703125;0;2024-02-05 17:27:11.825727
^MERV;2022-09-26;2022;09;26;2022-09;142931.703125;143803.59375;136991.203125;138148.296875;138148.296875;0;2024-02-05 17:27:11.825727
^MERV;2022-09-27;2022;09;27;2022-09;138148.296875;140167.296875;134814.90625;135472.703125;135472.703125;0;2024-02-05 17:27:11.825727
^MERV;2022-09-28;2022;09;28;2022-09;135472.703125;138402.0;135472.703125;138023.40625;138023.40625;0;2024-02-05 17:27:11.825727
^MERV;2022-09-29;2022;09;29;2022-09;138023.40625;138628.90625;134864.59375;138004.5;138004.5;0;2024-02-05 17:27:11.825727
^MERV;2022-09-30;2022;09;30;2022-09;138042.0;140154.40625;137832.203125;139115.09375;139115.09375;0;2024-02-05 17:27:11.825727
^MERV;2022-10-03;2022;10;03;2022-10;139137.203125;145271.296875;139137.203125;145063.0;145063.0;0;2024-02-05 17:27:11.825727
^MERV;2022-10-04;2022;10;04;2022-10;145068.703125;147619.296875;144399.09375;144926.703125;144926.703125;0;2024-02-05 17:27:11.825727
^MERV;2022-10-05;2022;10;05;2022-10;144926.703125;148056.296875;143550.0;146722.90625;146722.90625;0;2024-02-05 17:27:11.825727
^MERV;2022-10-06;2022;10;06;2022-10;146722.90625;147256.703125;144518.90625;144645.296875;144645.296875;0;2024-02-05 17:27:11.825727
^MERV;2022-10-11;2022;10;11;2022-10;144645.296875;144645.296875;136712.90625;136982.40625;136982.40625;0;2024-02-05 17:27:11.825727
^MERV;2022-10-12;2022;10;12;2022-10;136982.40625;137331.90625;135657.703125;136396.40625;136396.40625;0;2024-02-05 17:27:11.825727
^MERV;2022-10-13;2022;10;13;2022-10;136396.40625;140970.09375;135791.296875;140763.796875;140763.796875;0;2024-02-05 17:27:11.825727
^MERV;2022-10-14;2022;10;14;2022-10;140763.796875;140763.796875;136909.703125;137290.703125;137290.703125;0;2024-02-05 17:27:11.825727
^MERV;2022-10-17;2022;10;17;2022-10;137290.703125;140431.59375;137290.703125;138953.5;138953.5;0;2024-02-05 17:27:11.825727
^MERV;2022-10-18;2022;10;18;2022-10;138953.5;139750.5;136685.09375;137542.203125;137542.203125;0;2024-02-05 17:27:11.825727
^MERV;2022-10-19;2022;10;19;2022-10;137542.203125;138156.296875;136156.0;136484.203125;136484.203125;0;2024-02-05 17:27:11.825727
^MERV;2022-10-20;2022;10;20;2022-10;136484.203125;139712.703125;135631.703125;136138.796875;136138.796875;0;2024-02-05 17:27:11.825727
^MERV;2022-10-21;2022;10;21;2022-10;136138.796875;139219.0;136138.796875;138944.796875;138944.796875;0;2024-02-05 17:27:11.825727
^MERV;2022-10-24;2022;10;24;2022-10;138944.796875;140421.40625;136188.59375;139733.40625;139733.40625;0;2024-02-05 17:27:11.825727
^MERV;2022-10-25;2022;10;25;2022-10;139733.40625;144060.796875;139710.5;143959.40625;143959.40625;0;2024-02-05 17:27:11.825727
^MERV;2022-10-26;2022;10;26;2022-10;143962.90625;145802.796875;143962.90625;145028.5;145028.5;0;2024-02-05 17:27:11.825727
^MERV;2022-10-27;2022;10;27;2022-10;145028.5;148808.703125;144917.0;148109.59375;148109.59375;0;2024-02-05 17:27:11.825727
^MERV;2022-10-28;2022;10;28;2022-10;148147.09375;148426.40625;145936.09375;147845.40625;147845.40625;0;2024-02-05 17:27:11.825727
^MERV;2022-10-31;2022;10;31;2022-10;147867.5;150238.796875;147645.0;149938.296875;149938.296875;0;2024-02-05 17:27:11.825727
^MERV;2022-11-01;2022;11;01;2022-11;149938.296875;154031.5;149938.296875;153002.09375;153002.09375;0;2024-02-05 17:27:11.825727
^MERV;2022-11-02;2022;11;02;2022-11;153002.09375;153102.0;149259.40625;149309.40625;149309.40625;0;2024-02-05 17:27:11.825727
^MERV;2022-11-03;2022;11;03;2022-11;149315.09375;151577.703125;147989.90625;150451.0;150451.0;0;2024-02-05 17:27:11.825727
^MERV;2022-11-04;2022;11;04;2022-11;150451.0;152899.703125;150405.203125;151263.296875;151263.296875;0;2024-02-05 17:27:11.825727
^MERV;2022-11-07;2022;11;07;2022-11;151491.703125;153569.59375;147648.0;147829.59375;147829.59375;0;2024-02-05 17:27:11.825727
^MERV;2022-11-08;2022;11;08;2022-11;147829.59375;150161.203125;145978.59375;147924.0;147924.0;0;2024-02-05 17:27:11.825727
^MERV;2022-11-09;2022;11;09;2022-11;148059.796875;148182.296875;142796.59375;143091.5;143091.5;0;2024-02-05 17:27:11.825727
^MERV;2022-11-10;2022;11;10;2022-11;143091.5;147722.796875;143091.5;144879.09375;144879.09375;0;2024-02-05 17:27:11.825727
^MERV;2022-11-11;2022;11;11;2022-11;144879.09375;150608.40625;144879.09375;150413.40625;150413.40625;0;2024-02-05 17:27:11.825727
^MERV;2022-11-14;2022;11;14;2022-11;150413.40625;153872.40625;148517.40625;152685.40625;152685.40625;0;2024-02-05 17:27:11.825727
^MERV;2022-11-15;2022;11;15;2022-11;152685.40625;157060.0;152685.40625;155159.0;155159.0;0;2024-02-05 17:27:11.825727
^MERV;2022-11-16;2022;11;16;2022-11;155159.0;156505.296875;153296.703125;154108.796875;154108.796875;0;2024-02-05 17:27:11.825727
^MERV;2022-11-17;2022;11;17;2022-11;154108.796875;155731.40625;152825.09375;155259.296875;155259.296875;0;2024-02-05 17:27:11.825727
^MERV;2022-11-18;2022;11;18;2022-11;155259.296875;157803.09375;154536.40625;157253.59375;157253.59375;0;2024-02-05 17:27:11.825727
^MERV;2022-11-22;2022;11;22;2022-11;157253.59375;158533.796875;155822.203125;158169.296875;158169.296875;0;2024-02-05 17:27:11.825727
^MERV;2022-11-23;2022;11;23;2022-11;158169.296875;159411.90625;157826.90625;158563.5;158563.5;0;2024-02-05 17:27:11.825727
^MERV;2022-11-24;2022;11;24;2022-11;158563.5;161328.59375;158563.5;160936.40625;160936.40625;0;2024-02-05 17:27:11.825727
^MERV;2022-11-25;2022;11;25;2022-11;160936.40625;164001.09375;160632.59375;163716.90625;163716.90625;0;2024-02-05 17:27:11.825727
^MERV;2022-11-28;2022;11;28;2022-11;163716.90625;164502.90625;161507.796875;164277.796875;164277.796875;0;2024-02-05 17:27:11.825727
^MERV;2022-11-29;2022;11;29;2022-11;164277.796875;168527.40625;164277.796875;168194.59375;168194.59375;0;2024-02-05 17:27:11.825727
^MERV;2022-11-30;2022;11;30;2022-11;168194.59375;170311.40625;166678.59375;168525.296875;168525.296875;0;2024-02-05 17:27:11.825727
^MERV;2022-12-01;2022;12;01;2022-12;168525.296875;171189.203125;166692.796875;170604.296875;170604.296875;0;2024-02-05 17:27:11.825727
^MERV;2022-12-02;2022;12;02;2022-12;170664.09375;171462.796875;169346.796875;169691.703125;169691.703125;0;2024-02-05 17:27:11.825727
^MERV;2022-12-05;2022;12;05;2022-12;169697.5;171247.203125;164337.203125;164467.296875;164467.296875;0;2024-02-05 17:27:11.825727
^MERV;2022-12-06;2022;12;06;2022-12;164467.296875;168536.90625;164467.296875;168090.09375;168090.09375;0;2024-02-05 17:27:11.825727
^MERV;2022-12-07;2022;12;07;2022-12;168090.09375;171432.59375;168090.09375;171177.90625;171177.90625;0;2024-02-05 17:27:11.825727
^MERV;2022-12-12;2022;12;12;2022-12;171177.90625;171177.90625;164929.40625;166466.5;166466.5;0;2024-02-05 17:27:11.825727
^MERV;2022-12-13;2022;12;13;2022-12;166466.5;169810.90625;165489.703125;165500.40625;165500.40625;0;2024-02-05 17:27:11.825727
^MERV;2022-12-14;2022;12;14;2022-12;165500.40625;167895.59375;162735.703125;164216.703125;164216.703125;0;2024-02-05 17:27:11.825727
^MERV;2022-12-15;2022;12;15;2022-12;164216.703125;165329.203125;163525.796875;164733.203125;164733.203125;0;2024-02-05 17:27:11.825727
^MERV;2022-12-16;2022;12;16;2022-12;164733.203125;166216.296875;164106.296875;165109.59375;165109.59375;0;2024-02-05 17:27:11.825727
^MERV;2022-12-19;2022;12;19;2022-12;165109.59375;169402.5;165024.796875;168965.796875;168965.796875;0;2024-02-05 17:27:11.825727
^MERV;2022-12-20;2022;12;20;2022-12;168965.796875;172591.0;168965.796875;172335.90625;172335.90625;0;2024-02-05 17:27:11.825727
^MERV;2022-12-21;2022;12;21;2022-12;172338.90625;180652.40625;172338.90625;179851.90625;179851.90625;0;2024-02-05 17:27:11.825727
^MERV;2022-12-22;2022;12;22;2022-12;180094.09375;182614.5;179795.40625;182459.796875;182459.796875;0;2024-02-05 17:27:11.825727
^MERV;2022-12-23;2022;12;23;2022-12;182459.796875;188360.09375;182459.796875;187784.0;187784.0;0;2024-02-05 17:27:11.825727
^MERV;2022-12-26;2022;12;26;2022-12;187784.0;192594.59375;187060.40625;192477.40625;192477.40625;0;2024-02-05 17:27:11.825727
^MERV;2022-12-27;2022;12;27;2022-12;192477.40625;196173.09375;191263.59375;195542.796875;195542.796875;0;2024-02-05 17:27:11.825727
^MERV;2022-12-28;2022;12;28;2022-12;195734.0;203641.296875;195734.0;202560.203125;202560.203125;0;2024-02-05 17:27:11.825727
^MERV;2022-12-29;2022;12;29;2022-12;202563.796875;205953.40625;198641.90625;199360.703125;199360.703125;0;2024-02-05 17:27:11.825727
^MERV;2022-12-30;2022;12;30;2022-12;199360.703125;203027.703125;194821.09375;202085.09375;202085.09375;0;2024-02-05 17:27:11.825727
